Question,Answer
Chùa Thạch Long tổ chức lễ hội vào ngày nào?,"Hội chùa Thạch Long được tổ chức vào mùng 7 tháng Giêng hằng năm. Lễ hội thu hút rất nhiều du khách. Chùa Thạch Long thuộc xã Cao Kỳ, huyện Chợ Mới, tỉnh Bắc Kạn."
Đền Bảo Hà được xây dựng từ khi nào?,"Đền Bảo Hà được xây dựng từ cuối đời Lê niên hiệu Cảnh Hưng. Ban đầu, đền chỉ là một ngôi miếu nhỏ của người Tày ở Khảu Bàn. Đến thời Minh Mệnh, đền thờ ông đã được mở rộng khá khang trang."
Chùa Khánh Long có bao nhiêu năm tuổi?,"Chùa Khánh Long có tuổi đời hàng trăm năm. Trước kia, đây chỉ là một ngôi chùa làng rất nhỏ. Ngôi chùa nằm cách thành phố Thái Nguyên khoảng 33km."
Từng gian ở chùa Đại Bi thờ ai?,"Chùa Đại Bi có hai miếu được xây dựng thêm hai bên, mang tên Tam vị Thánh ông và Địa Hoàng thiên. Miếu thờ Tam vị Thánh ông là thờ 3 người có công lớn trong chống giặc cờ đen. Bà con nhân dân tôn các ông làm Thánh và lập miếu tại chùa Đại Bi để cung kính ân đức."
Chi tiết về Pháp hội Trúc Lâm được tổ chức tại Thiền viện Trúc Lâm Chính Pháp Tuyên Quang?,"Pháp hội Trúc Lâm được tổ chức tại Thiền viện Trúc Lâm Chính Pháp Tuyên Quang là một sự kiện có quy mô lớn. Trong khuôn khổ của Pháp hội có các hoạt động ý nghĩa dành cho giới trẻ như nói chuyện, chia sẻ về khởi nghiệp, hướng nghiệp của các phật tử là doanh nhân thành đạt. Dự kiến còn có lễ khởi động công trình tượng Phật Hoàng Trần Nhân Tông trên núi Dùm."
"Chùa Tích Sơn có những bảo vật, hiện vật quý giá nào?","Chùa Tích Sơn có một chuông đồng được đúc năm Minh Mệnh thứ 12 (tức năm 1832) và một khánh đồng cổ. Bên cạnh đó, chùa còn có các bức chạm gỗ và hệ thống tượng thờ. Đây đều là những cổ vật quý còn lưu giữ được tại chùa."
Chùa Tích Sơn thờ ai?,"Chùa Tích Sơn là một nơi thờ Phật. Chùa còn là nơi cho các tăng ni, phật tử học tập. Đây cũng là nơi cho nhân dân thập phương hành hương làm lễ và chiêm bái."
Chùa Tích Sơn có ảnh hưởng như thế nào đến cộng đồng địa phương?,"Chùa Tích Sơn là trung tâm sinh hoạt văn hóa, tín ngưỡng của nhân dân trong vùng. Trong thời kỳ tiền khởi nghĩa, chùa là nơi nuôi giấu cán bộ cách mạng và hội họp của các tổ chức cách mạng địa phương. Lễ hội mùng 3 tháng Giêng được tổ chức ở miếu Đậu vẫn mang tính chất hàng xã, với sự tham gia của 5 làng Tích Sơn."
Chùa Tích Sơn có những sự kiện lịch sử quan trọng nào đã diễn ra?,"Chùa Tích Sơn được xây dựng vào cuối thời Hậu Lê, đầu thời Nguyễn. Trong thời kỳ tiền khởi nghĩa, chùa là nơi nuôi giấu cán bộ cách mạng và là nơi hội họp của các cơ sở, tổ chức cách mạng địa phương. Chùa Tích Sơn không chỉ là di tích lịch sử văn hóa mà còn mang đậm dấu ấn di tích cách mạng."
Chùa Động Lâm có tên gọi khác là gì?,"Chùa Động Lâm còn được gọi là chùa Hạ. Chùa nằm ở xã Hợp Thịnh, huyện Tam Dương. Chùa cách thành phố Vĩnh Yên 4km về phía Tây Bắc theo quốc lộ 2."
Chùa Động Lâm tọa lạc tại vị trí nào?,"Chùa Động Lâm, còn được gọi là chùa Hạ, nằm ở xã Hợp Thịnh, huyện Tam Dương. Vị trí này cách thành phố Vĩnh Yên, tỉnh Vĩnh Phúc, 4km về phía Tây Bắc theo quốc lộ 2."
Chùa Động Lâm được xây dựng từ khi nào?,Chùa Động Lâm được xây dựng vào khoảng thế kỷ XVII. Chùa đã trải qua trùng tu lớn vào thời Nguyễn (thế kỷ XIX). Sân chùa có một bia đá tạo thời Lê Trung Hưng niên hiệu Đức Long (1629).
Chùa Động Lâm đã qua bao nhiêu lần tu sửa?,"Chùa Động Lâm được xây dựng vào khoảng thế kỷ XVII. Chùa đã trùng tu lớn vào thời Nguyễn (thế kỷ XIX). Hiện nay chùa gồm 2 tòa: Bái đường và thượng điện, bố cục kiến trúc theo kiểu chữ “đinh”."
"Chùa Động Lâm có những gian, tòa nào?",Chùa Động Lâm hiện nay gồm 2 tòa: Bái đường và thượng điện. Bố cục kiến trúc của chùa theo kiểu chữ “đinh”.
Chùa Động Lâm có kiến trúc gì đặc biệt?,"Chùa Động Lâm có kiến trúc theo kiểu chữ ""đinh"", bao gồm hai tòa: Bái đường và thượng điện. Chùa được xây dựng vào khoảng thế kỷ XVII và trùng tu lớn vào thời Nguyễn (thế kỷ XIX). Khuôn viên chùa nằm trên gò đất rộng khoảng 600m2."
"Chùa Động Lâm có những bảo vật, hiện vật quý giá nào?",Chùa Động Lâm có hơn một chục bức tượng thờ cùng các hiện vật có giá trị khác. Đây là những hiện vật đã tồn tại hàng trăm năm nay. Chúng được sáng tạo từ đôi bàn tay tài hoa của các nghệ nhân dân gian.
Chùa Động Lâm thờ ai?,Chùa Động Lâm thờ Phật và các vị thần bản địa. Chùa còn là nơi sinh hoạt làng xã thời phong kiến. Ngôi chùa là sự kết hợp giữa tín ngưỡng tôn giáo và triết lý Phương Đông.
Từng gian ở chùa Động Lâm thờ ai?,"Chùa Động Lâm có hệ thống tượng đẹp và phong phú bao gồm tượng Phật và tượng Thần. Bên cạnh đó, chùa còn thờ Quan Âm Tọa Sơn bồng một đứa bé (Quan Âm Tống Tử) với Kim Đồng và Ngọc nữ ở hai bên. Ngoài ra, chùa còn có các tượng tứ Bồ Tát (ái, Ngữ, Sách và Quyền Bồ Tát)."
Diện tích của di tích khảo cổ học Đồng Đậu là bao nhiêu?,"Di tích khảo cổ học Đồng Đậu có tổng diện tích 8,5ha. Nó nằm trên một quả gò cao khoảng 6m so với mặt ruộng trũng xung quanh. Đây là một di chỉ cư trú của người Việt cổ lớn nhất ở trung tâm vùng tam giác châu thổ Bắc Bộ."
Di tích khảo cổ học Đồng Đậu tọa lạc tại vị trí nào?,"Di tích khảo cổ học Đồng Đậu nằm trọn vẹn trên một quả gò cao khoảng 6m so với mặt ruộng trũng xung quanh, thuộc thôn Đông, thị trấn Yên Lạc. Di tích cách trung tâm huyện lỵ Yên Lạc 1,5km về phía Đông, nằm sát đường 305 tỉnh lộ."
Di tích khảo cổ học Đồng Đậu đã qua bao nhiêu lần khai quật lớn?,"Di tích khảo cổ học Đồng Đậu đã qua 6 lần thám sát và khai quật lớn. Các năm khai quật là 1965, 1966, 1967, 1968, 1969, 1984, 1987 và 1999. Tổng diện tích khai quật là 758m2."
Những hiện vật nào được tìm thấy tại di tích khảo cổ học Đồng Đậu?,"Các hiện vật được tìm thấy tại di tích khảo cổ học Đồng Đậu rất lớn và phong phú. Các giai đoạn văn hoá khảo cổ diễn tiến liên tục từ Phùng Nguyên, Đồng Đậu, Gò Mun và cuối cùng là Đông Sơn. Đây là một di chỉ cư trú của người Việt cổ lớn nhất ở trung tâm vùng tam giác châu thổ Bắc Bộ."
Những giai đoạn văn hoá khảo cổ nào được tìm thấy tại di tích khảo cổ học Đồng Đậu?,"Các giai đoạn văn hoá khảo cổ được tìm thấy tại di tích khảo cổ Đồng Đậu là Phùng Nguyên, Đồng Đậu, Gò Mun và Đông Sơn. Các giai đoạn này diễn tiến liên tục, thể hiện một quá trình định cư ổn định và lâu dài của cư dân Việt cổ. Đây là di chỉ cư trú của người Việt cổ lớn nhất ở trung tâm vùng tam giác châu thổ Bắc Bộ."
Di tích khảo cổ học Đồng Đậu có ảnh hưởng như thế nào đến cộng đồng địa phương?,"Di tích khảo cổ học Đồng Đậu được bảo vệ nguyên vẹn kể từ khi phát hiện vào năm 1962. Nó phục vụ tích cực cho các cuộc khai quật, nghiên cứu và tham quan học tập. Di tích này có giá trị lớn lao đối với Vĩnh Phúc, Việt Nam và khu vực Đông Nam Á."
Hồ Chủ tịch đã về thăm Vĩnh Phúc bao nhiêu lần?,"Hồ Chủ tịch đã chính thức về thăm Vĩnh Phúc 8 lần trong thời gian từ 1945-1963. Bác Hồ đã dành nhiều tình cảm ân cần khích lệ, quan tâm gần gũi với nhân dân Vĩnh Phúc. Những di tích lưu niệm Bác Hồ trên quê hương Vĩnh Phúc sẽ là những địa chỉ đỏ."
Hồ Chủ tịch đã về thăm Hợp tác xã nông nghiệp Lạc Trung vào ngày nào?,"Hồ Chủ tịch đã về thăm Hợp tác xã nông nghiệp Lạc Trung vào ngày 25 tháng 1 năm 1961. Lạc Trung đã vinh dự được đón Bác về thăm vì những thành tích trong nông nghiệp. Những nơi Bác đã từng đến thăm, nói chuyện với nhân dân địa phương đã được chính quyền và nhân dân Lạc Trung gìn giữ lại thành khu di tích lưu niệm."
Hợp tác xã nông nghiệp Lạc Trung nay là gì?,"Hợp tác xã nông nghiệp Lạc Trung nay là xã Bình Dương, huyện Vĩnh Tường. Xã Bình Dương có nhiều thành tích trong phong trào “tết trồng cây” và trở thành điển hình tiên tiến của tỉnh và toàn miền Bắc. Xã Bình Dương trong kháng chiến chống Pháp là một khu du kích nổi tiếng kiên cường trong chiến đấu."
"Phong trào trồng cây ""nhân dân làm theo lời Hồ Chủ tịch"" được phát động bởi ai?","Phong trào trồng cây ""nhân dân làm theo lời Hồ Chủ tịch"" được phát động bởi Thủ tướng Phạm Văn Đồng. Ông đã thay mặt Chính phủ về dự và chính thức phát động phong trào này. Phong trào được phát động tại Hội nghị tổng kết phong trào Hợp tác hóa nông nghiệp của tỉnh Vĩnh Phúc vào cuối năm 1959."
Thôn Lạc Trung đã được tặng huân chương gì?,Thôn Lạc Trung đã được tặng Huân chương Lao động hạng Ba. Thôn Lạc Trung dẫn đầu toàn xã về số lượng cây nhiều và tươi tốt. Lạc Trung trở thành lá cờ đầu của phong trào trồng cây ở vùng đồng bằng.
Những công trình nào thuộc khu di tích lưu niệm về sự kiện Bác Hồ về thăm Lạc Trung?,"Khu di tích lưu niệm về sự kiện Bác Hồ về thăm Lạc Trung bao gồm: cây đa lưu niệm do Hội nghị ngành Lâm nghiệp toàn quốc trồng năm 1959, ao cá Bác Hồ, vườn cây Bác Hồ trồng những cây ăn quả quý và những cây lưu niệm. Ngoài ra còn có ngôi nhà kho 5 gian, nơi đồng chí Trường Chinh gặp gỡ cán bộ xã viên Lạc Trung tết năm 1962."
Ngôi nhà kho 5 gian ở Lạc Trung hiện nay được dùng làm gì?,"Ngôi nhà kho 5 gian ở Lạc Trung hiện nay được dùng làm nơi trưng bày hiện vật, tài liệu, hình ảnh theo chủ đề “Bác Hồ và các đồng chí Lãnh tụ với Lạc Trung, Bình Dương”. Ngôi nhà kho này là nơi đồng chí Trường Chinh gặp gỡ cán bộ xã viên Lạc Trung tết năm 1962."
Khu lưu niệm Bác Hồ ở Lạc Trung có ý nghĩa như thế nào?,"Khu lưu niệm Bác Hồ ở Lạc Trung có ý nghĩa to lớn trong hệ thống di tích lưu niệm về Bác trên đất Vĩnh Phúc. Khu lưu niệm là nơi ghi dấu ấn sâu sắc, thiêng liêng về vị lãnh tụ vĩ đại của dân tộc, đồng thời cũng ghi lại trang sử vẻ vang của địa phương. Nơi đây sớm hưởng ứng phong trào “Tết trồng cây” do Bác Hồ phát động và đã trở thành lá cờ đầu về thành tích trồng cây vùng đồng bằng."
Hồ Điển Triệt tọa lạc tại vị trí nào?,"Hồ Điển Triệt nằm bên bờ sông Lô thuộc xã Tứ Yên, huyện Sông Lô. Hồ Điển Triệt còn có tên gọi khác là hồ Miêng. Nơi đây mang nhiều dấu ấn lịch sử."
Hồ Điển Triệt có tên gọi khác là gì?,Hồ Điển Triệt còn có tên gọi khác là hồ Miêng. Có tài liệu ghi hồ Miêng chính là Đầm Vạc. Hồ được thông với dòng chảy của sông Lô.
Những sự kiện lịch sử quan trọng đã diễn ra tại hồ Điển Triệt?,"Hồ Điển Triệt là nơi diễn ra cuộc chiến đấu ác liệt của quân và dân ta dưới sự lãnh đạo của Lý Bí chống lại quân xâm lược nhà Lương. Lý Bí đã bị đánh bất ngờ và thua trận do nước sông Lô đột ngột dâng cao, khiến quân Lương tiến vào hồ. Sau thất bại, Lý Bí phải chạy vào động Khuất Lão và trao binh quyền lại cho Triệu Quang Phục."
Chi tiết về lễ hội Bơi Chải?,"Lễ hội Bơi Chải được tổ chức vào ngày 25, 26, 27 tháng 5 âm lịch hàng năm tại xã Tứ Yên, huyện Sông Lô. Lễ hội này được tổ chức để tưởng nhớ công ơn của vua Lí Bí. Lễ hội Bơi Chải đã ngừng tổ chức từ năm 1946 do chiến tranh."
Miếu Đậu có kiến trúc như thế nào?,"Miếu Đậu có mặt bằng theo kiểu chữ ""công"" gồm 3 tòa: tiền tế 5 gian, hậu cung 5 gian và 1 gian ống muống. Miếu có quy mô khá đồ sộ nhưng vẫn rất gọn gàng, kiểu dáng đẹp. Mái gian giữa tòa tiền tế và gian giữa tòa hậu cung."
Lễ hội mùng 3 tháng Giêng được tổ chức ở đâu?,Lễ hội mùng 3 tháng Giêng được tổ chức ở miếu Đậu. Lễ hội này mang tính chất hàng xã vì dân 5 làng Tích Sơn theo truyền thống cùng tham gia.
Lễ hội mùng 3 tháng Giêng còn được gọi là gì?,Lễ hội mùng 3 tháng Giêng còn được gọi là tiệc khao quân. Đây là lễ hội lớn nhất và chính hội trong năm. Lễ hội này mô phỏng sự kiện Thất vị Đại vương.
Lễ hội mùng 3 tháng Giêng mô phỏng sự kiện gì?,Lễ hội mùng 3 tháng Giêng được tổ chức ở miếu Đậu. Lễ hội mang tính chất hàng xã vì dân 5 làng Tích Sơn theo truyền thống cùng tham gia. Lễ hội có nhiều nghi thức và trò diễn ý nghĩa diễn ra liên tục và sôi nổi trong suốt cuộc lễ.
Ngôi chùa này thờ ai?,"Trước đây, trong chùa còn có bát hương thờ Thạch Sanh. Ngôi chùa được xây dựng cách ngày nay gần 200 năm."
Ngôi đền này tọa lạc tại vị trí nào?,"Đền Kỳ Sầm tọa lạc trên một quả đồi thấp, sát chân núi Khau Sầm thuộc thôn Bản Ngần, xã Vĩnh Quang. Đền Mẫu tọa lạc bên hữu ngạn sông Chảy, mặt hướng ra sông theo hướng Đông Đông bắc. Đền Bà hay còn gọi là đền Vị Thanh được xây dựng trên một khu đất cao, rộng và thoáng đãng ven đầm Vạc, nay thuộc thôn Vị Thanh, xã Thanh Trù, thành phố Vĩnh Yên."
Ngôi đền này có kiến trúc gì đặc biệt?,"Đền Đại Cại có kiến trúc đặc biệt thể hiện ở sự hài hoà giữa kiến trúc và tổng thể cảnh quan thiên nhiên, không gian đồi núi xung quanh. Bên trong đền, có đầy đủ các đồ thờ tự và các chi tiết chạm trổ tứ quý được tạo ra từ các loại gỗ quý. Điều đặc biệt ở ngôi đền này là sự chạm trổ trên các tảng đá kê cột đình và cột đền, mang những hình mặt trăng, lá đề, hoa sen độc đáo."
Ngôi đền này tổ chức lễ hội vào ngày nào?,"Đền Bảo Hà có 4 dịp lễ thu hút nhiều du khách, trong đó những ngày lễ chính là: Lễ thượng nguyên (Rằm tháng Giêng), lễ tiệc quan tuần tranh (25 tháng 5 Âm lịch), ngày giỗ ông Hoàng Bảy (17). Lễ hội đền Bà Hoàng được tổ chức hai ngày trong năm, là ngày 15 tháng Giêng và ngày 5/5 âm lịch. Lễ hội Đền Đại Cại diễn ra trong hai ngày, ngày lễ chính diễn ra vào rằm tháng giêng."
"Ngôi đền này có những bảo vật, hiện vật quý giá nào?","Ngôi đền lưu giữ nhiều di vật, hiện vật quý hiếm với đa dạng chất liệu, cùng các thư tịch Hán Nôm cổ như hoành phi, câu đối, sắc phong. Theo thống kê có 50 hiện vật bằng chất liệu gỗ, đồng, sứ, sành và giấy có niên đại thế kỷ 16 – 19. Bên trong đền, có đầy đủ các đồ thờ tự như bát nhang đồng, chiêng và chuông đồng, ngai thờ sơn son thếp vàng, và các chi tiết chạm trổ tứ quý được tạo ra từ các loại gỗ quý."
"Ngôi đền này có những gian, tòa nào?","Ngôi đền này có tiền tế (5 gian), toà trung tế 3 gian nằm song song và kề bờ mái với toà tiền tế, hậu cung 3 gian nối với trung tế theo hình chữ “đinh”. Tổng diện tích xây dựng của đền lên tới 600m2. Kiến trúc đền không lớn nhưng chắc khoẻ."
Chi tiết về lễ hội tại ngôi đền này?,"Đền Bảo Hà có 4 dịp lễ thu hút nhiều du khách, trong đó có lễ Thượng Nguyên (Rằm tháng Giêng) và lễ tiệc quan tuần tranh (25 tháng 5 Âm lịch). Lễ hội đền Bà Hoàng được tổ chức vào ngày 15 tháng Giêng và ngày 5/5 âm lịch. Lễ hội thể hiện lòng thành kính với Bà Hoàng Đại Vương và cầu mong cuộc sống an lành, may mắn."
Thiền viện Trúc lâm Tây Thiên tọa lạc tại vị trí nào?,"Thiền viện Trúc lâm Tây Thiên tọa lạc tại thôn Đền Thõng, xã Đại Đình, huyện Tam Đảo, tỉnh Vĩnh Phúc. Thiền viện nằm trên quả đồi rộng 4,5 ha, cao 300 m so với mực nước biển. Phía trước là cánh đồng rộng, phía sau là rừng thông u tịch."
Thiền viện Trúc lâm Tây Thiên có kiến trúc gì đặc biệt?,"Thiền viện Trúc lâm Tây Thiên là một công trình kiến trúc hoành tráng, nguy nga, mang dấu ấn về kiến trúc, thẩm mỹ học Phật giáo. Kiến trúc tránh được sự sao chép một cách máy móc theo những ngôi chùa cổ Việt Nam ở thế kỷ 16 - 17 mà mang tính truyền thống hài hoà với hiện đại. Tam Quan và đỉnh hương đặt trước chính điện bằng đá Thanh Hóa."
Thiền viện Trúc lâm Tây Thiên được xây dựng trên nền móng của ngôi chùa nào?,Thiền viện Trúc lâm Tây Thiên được xây dựng trên nền móng cũ của Thiên ân Thiền Tự. Đây là một đại danh lam thời Lý Trần.
"Thiền viện Trúc lâm Tây Thiên có những gian, tòa nào?","Dữ liệu không cung cấp thông tin chi tiết về các gian và tòa cụ thể của Thiền viện Trúc lâm Tây Thiên. Tuy nhiên, có đề cập đến Tam Quan, chính điện và đỉnh hương đặt trước chính điện. Chính điện có chiều cao 17 m, rộng 675 m2."
Diện tích của toà chính điện Thiền viện Trúc lâm Tây Thiên là bao nhiêu?,"Toà chính điện cao 17m, với diện tích 673,2m2 (20,4 x 33m). Chính điện có chiều cao 17 m, rộng 675 m2. Bên trong chỉ có 4 cây cột đỡ mái, nên rộng thoáng như một hội trường, có không gian cao rộng, sáng sủa, trang nghiêm."
Thiền viện Trúc lâm Tây Thiên thờ ai?,"Tôi xin lỗi, đoạn văn không đề cập đến việc Thiền viện Trúc lâm Tây Thiên thờ ai."
Đền Bà có tên gọi khác là gì?,Đền Bà còn được gọi là đền Vị Thanh. Đền Bà còn được gọi là Đền Mẫu Thác Bà. Đền Bà được xây dựng để thờ vị nữ tướng Thanh Nương.
Đền Bà được xây dựng từ khi nào?,"Đền Bà được xây dựng vào thời Nguyễn, khoảng cuối thế kỷ XIX. Đền còn có tên gọi khác là đền Vị Thanh. Từ khi xây dựng đến nay, đền chưa phải đại tu lần nào."
Đền Bà xây dựng vào thời đại nào?,"Đền Bà được xây dựng vào thời Nguyễn, khoảng cuối thế kỷ XIX. Đền còn có tên gọi khác là đền Vị Thanh. Đền được xây dựng trên một khu đất cao, rộng và thoáng đãng ven đầm Vạc."
Đền Bà có kiến trúc gì đặc biệt?,"Đền Bà được xây dựng theo kiểu chữ ""công"" với 3 tòa kiến trúc: tiền tế, ống và hậu cung. Đền có 32 cột gỗ chắc khỏe, chân cột kê đá chống ẩm và mối mọt. Mái của tòa ống muống và hậu cung làm theo kiểu chồng diêm và được lợp ngói mũi truyền thống."
Đền Bà tổ chức lễ hội vào ngày nào?,"Đền Bà Hoàng tổ chức lễ hội hai ngày trong năm, là ngày 15 tháng Giêng và ngày 5/5 âm lịch. Đền Mẫu Thác Bà có 3 lễ hội chính: Lễ hội mùa xuân ngày mùng 9 tháng Giêng, Lễ hội mùa hè ngày 17 tháng 5 và Lễ hội mùa thu ngày 10 tháng 10 (âm lịch). Lễ hội đền Bà còn lưu giữ được lễ hội tế trâu diễn ra vào ngày 13, 14, 15/10 âm lịch."
Đền Bà tọa lạc tại vị trí nào?,"Đền Bà hay còn gọi là đền Vị Thanh, nằm ở thôn Vị Thanh, xã Thanh Trù, thành phố Vĩnh Yên. Đền được xây dựng trên một khu đất cao, rộng và thoáng đãng ven đầm Vạc. Ngôi đền hiện lên thâm nghiêm, cổ kính giữa bình yên của ruộng đồng và làng xóm."
Đền Bà thờ ai?,"Đền Bà còn được gọi là đền Vị Thanh. Ngôi đền thờ Đức Thánh Bà Quách A Nương, một nữ tướng tài của Hai Bà Trưng. Đền còn thờ Chiêu Văn Vương Trần Nhật Duật, con trai thứ 6 của Trần Thái Tông."
"Đền Bà có những bảo vật, hiện vật quý giá nào?","Đền Bà có 4 bộ long ngai và các bức hoành phi, câu đối chữ Hán, là những cổ vật quý, được gia cố công phu, trang trí cầu kỳ. Đền còn lưu giữ những giá trị văn hóa phi vật thể tiêu biểu, trong đó độc đáo nhất là lễ hội tế trâu diễn ra vào ngày 13, 14, 15/10 âm lịch."
Chi tiết về lễ hội đền Bà?,"Lễ hội đền Bà Hoàng được tổ chức hai ngày trong năm, là ngày 15 tháng Giêng và ngày 5/5 âm lịch. Lễ hội vừa thể hiện lòng thành kính với Bà Hoàng Đại Vương, vừa mang tính chất cầu mùa, cầu phúc, mong bà ban cho cuộc sống an lành, may mắn. Để chuẩn bị cho ngày hội, nhân dân trong vùng tự giác đóng góp mỗi nhà một bơ gạo, ít tiền mua hương, hoa, tổ chức nghi lễ."
Đền Bạch Trì tọa lạc tại vị trí nào?,"Đền Bạch Trì tọa lạc trọn vẹn trên một quả đồi có tên đồi Rừng đền, diện tích khoảng 3ha, cao hơn mặt ruộng xung quanh 30 - 40m. Phía trước đền (hướng Nam) là dòng Sơn Tang (tức sông Phan). Đền ở thôn Long Trì, thị trấn Hợp Hoà, huyện Tam Dương, nằm cách quốc lộ 2B (đi Sơn Dương - Tuyên Quang) 1km, cách ngã ba Tam Dương 7km."
Diện tích của đền Bạch Trì là bao nhiêu?,"Diện tích mặt bằng kiến trúc của đền Bạch Trì là 76m2. Đền tọa lạc trên đồi Rừng đền rộng khoảng 3ha, cao hơn mặt ruộng 30-40m. Đền sẽ được quy hoạch, tôn tạo thành trọng điểm di tích danh thắng của huyện Tam Dương."
Đền Bạch Trì thờ ai?,"Đền Bạch Trì thờ Đức Thánh Bà Quách A Nương, một nữ tướng tài của Hai Bà Trưng có tên hiệu là Khâu Ni công chúa. Bà là một người con của vùng quê Bạch Hạc. Bà đã hưởng ứng lời hiệu triệu của Hai Bà Trưng, cùng các chị em dựng cờ khởi nghĩa đánh đuổi quân Hán dành độc lập."
Đền Bạch Trì có kiến trúc gì đặc biệt?,"Đền Bạch Trì có kiến trúc 3 gian thờ dọc, 2 gian ngoài là tiền tế, gian trong cùng bố trí thượng cung. Kết cấu vì kèo theo dạng thức “chồng rường giá chiêng”, gồm 5 bộ vì, 4 hàng chân (20 cột gỗ lim) kê trên đá tảng. Kiến trúc nhỏ đáp ứng nhu cầu sử dụng phù hợp với địa bàn dân cư thưa thớt."
"Đền Bạch Trì có những gian, tòa nào?","Đền Bạch Trì có kiến trúc 3 gian thờ dọc. Hai gian ngoài là tiền tế, gian trong cùng bố trí thượng cung. Thượng cung bưng ván xung quanh, phía mặt tiền có cửa võng."
Đền Bạch Trì được xây dựng từ vật liệu nào?,Đền Bạch Trì được xây dựng từ gỗ lim và đá tảng. Các cột gỗ lim được kê trên đá tảng để tạo thế vững chãi cho ngôi đền.
Đền Phú Đa tọa lạc tại vị trí nào?,"Đền Phú Đa toạ lạc trên cánh đồng xóm Giếng, xã Phú Hoa, tổng Tang Thác, huyện Tiên Phong, phủ Quảng Oai, trấn Sơn Tây. Nay thuộc xã Phú Đa, huyện Vĩnh Tường, tỉnh Vĩnh Phúc. Vị trí đền ở giữa vùng chiêm trũng, giáp sông Hồng."
Đền Phú Đa thờ ai?,"Đền Phú Đa thờ “Lãng Phương hầu Nguyễn Danh Thường, Tiên phong đặc tiến, phụ quốc Thượng tướng quân, tham mưu trung quân Đô Đốc phủ, Khâm sai kiểm sát thất thành”. Thời Lê - Trịnh, vì có công giúp triều đình ông được xây dựng đền từ lúc còn sống (sinh từ) để thờ mình. Đền làm thời vua Lê Hiển Tông, niên hiệu Cảnh Hưng (1740 - 1786)."
Đền Phú Đa được xây dựng từ khi nào?,"Đền Phú Đa được xây dựng thời vua Lê Hiển Tông, niên hiệu Cảnh Hưng (1740 - 1786). Từ ngày xây dựng đến nay đền chưa phải đại tu lần nào. Đền thờ “Lãng Phương hầu Nguyễn Danh Thường."
Đền Phú Đa có kiến trúc gì đặc biệt?,"Đền Phú Đa có 3 toà kiến trúc (cổng đền, đại bái, từ đường) bố cục theo kiểu chữ “Tam”. Các toà của đền đều có kết cấu kiến trúc kiểu tứ trụ lòng thuyền, vừa đẹp lại khoẻ. Phần lớn kiến trúc đền Phú Đa đều được bào trơn, đóng bén, mộng sàm chặt khít, kể cả các rui trên mái cũng được bào nhẵn theo mực thước và soi đường gờ ở mép."
"Đền Phú Đa có những gian, tòa nào?","Đền Phú Đa có 3 toà kiến trúc là cổng đền, đại bái, từ đường bố cục theo kiểu chữ “Tam”. Trước đây còn có 2 toà tả, hữu mạc, về sau được chuyển đến địa điểm khác để làm trường học. Các toà của đền đều có kết cấu kiến trúc kiểu tứ trụ lòng thuyền, vừa đẹp lại khoẻ."
Đền Phú Đa được xây dựng từ vật liệu nào?,Toàn bộ vật liệu làm đền đều bằng gỗ lim. Gỗ lim được kén chọn cẩn thận cả về kích thước và độ già của gỗ.
"Về mỹ thuật trang trí tạo hình, đền Phú Đa có những di vật gì?","Đền Phú Đa có những di vật chạm khắc đá phản ánh thành công nổi bật và trình độ cao về nghệ thuật chạm khắc, trang trí dân gian trên đá thời Lê mạt. Các nghệ nhân xưa đã biết căn cứ vào chất liệu và màu sắc của đá để vận dụng và tận dụng chúng trong tạo hình cũng như trang trí nội thất kiến trúc. Với kỹ thuật chạm khắc tinh vi điêu luyện, với những đề tài thực trong cuộc sống, chạm khắc đá ở đền Phú Đa đã tạo nên cho di tích không khí vừa độ trang nghiêm."
Đền Bắc Cung có tên gọi khác là gì?,"Đền Bắc Cung còn có tên gọi nôm là đền Thính. Đền thờ đức thánh Tản Viên. Đền thuộc xã Tam Hồng, huyện Yên Lạc."
Đền Thính thờ ai?,Đền Thính thờ đức thánh Tản Viên. Đền còn có tên gọi khác là đền Bắc Cung. Đền là một trong bốn cung đền lớn ở quanh vùng núi Ba Vì và châu thổ sông Hồng.
Đền Thính tọa lạc tại vị trí nào?,"Đền Thính tọa lạc tại xã Tam Hồng, huyện Yên Lạc. Đền nằm giữa cánh đồng màu mỡ trên khu đất rộng 10.000m2. Đền tựa mình bên những con sông."
Đền Thính được xây dựng từ khi nào?,"Đền Thính được khởi dựng cách đây 20 thế kỷ trên nền một ngôi miếu nhỏ thờ đức thánh Tản. Từ một ngôi miếu nhỏ, đến đời vua Lý Thần Tông (1072-1128) miếu được xây lại thành đền lớn. Công trình kéo dài đến đời Khải Định thứ 6 mới xong (1900-1921)."
Đền Thính được xây dựng từ vật liệu nào?,"Tôi xin lỗi, thông tin này không có trong văn bản. Văn bản chỉ cung cấp thông tin về lịch sử và lễ hội của đền Thính."
Đền Thính có kiến trúc gì đặc biệt?,"Đền Thính được xây dựng trên nền một ngôi miếu nhỏ thờ đức thánh Tản. Hiện các hạng mục đông lang, tây lang và cổng Tam Quan đang được tích cực thi công, dự kiến hoàn thiện trong năm 2023. Cổng Tam Quan được thiết kế xây dựng từ ý tưởng của tháp Tuệ Quang, nơi thờ xá lợi (ngọc cốt) của Ngọc Hoàng Trần Nhân Tông trên núi Yên Tử với 3 cổng vào."
Diện tích của đền Thính là bao nhiêu?,"Tổng diện tích xây dựng của đền Thính là 600m2. Kiến trúc đền theo kiểu ""nội đinh, ngoại nhất"". Đền có cổng tam quan 2 tầng 4 mái, sân lát gạch vuông, tiền tế (5 gian), trung tế 3 gian và hậu cung 3 gian."
Đền Thính tổ chức lễ hội vào ngày nào?,"Lễ hội đền Thính được mở từ ngày mùng 6 tháng Giêng đến hết ngày 20 tháng Giêng âm lịch. Lễ hội gồm phần lễ tế, rước kiệu của các làng trong và ngoài xã cùng rất nhiều trò chơi dân gian. Sau lễ khai mạc của Ban tổ chức lễ hội, lần lượt từng thôn trong và ngoài xã tiến hành lễ rước từ Đình thờ của làng mình lên đền Thính."
Đền Thính đã qua bao nhiêu lần tu sửa?,Đền Thính đã trải qua nhiều lần tu sửa. Đền được xây dựng lại thành đền lớn vào đời vua Lý Thần Tông (1072-1128). Đời Vua Minh Mạng (1820-1840) đền lại được tu sửa nhiều lần.
Chi tiết về lễ hội đền Thính?,"Lễ hội đền Thính được mở từ ngày mùng 6 tháng Giêng đến hết ngày 20 tháng Giêng âm lịch hàng năm. Lễ hội gồm phần lễ tế, rước kiệu của các làng trong và ngoài xã. Rất nhiều trò chơi dân gian cũng được tổ chức."
Đền thờ ai?,"Đền thờ Mẫu Thượng Ngàn, một trong ba vị Tam tòa Thánh Mẫu trong tín ngưỡng thờ Mẫu của người Việt Nam. Đền còn thờ Phật, Chúa Sơn Trang, Đức Thánh Trần và các vị trung thần nhà Mạc. Ngoài ra, đền còn thờ 4 vị."
Đền thờ Trần Nguyên Hãn tọa lạc tại vị trí nào?,"Đền thờ Trần Nguyên Hãn tọa lạc ở thôn Đa Cai, xã Sơn Đông, huyện Lập Thạch. Đền được xây dựng trên thế đất bằng phẳng, rộng cao. Tương truyền, đây chính là nơi đặt Phủ đệ cũ của Trần Nguyên Hãn."
Đền thờ Trần Nguyên Hãn có kiến trúc gì đặc biệt?,"Đền thờ Trần Nguyên Hãn được xây dựng theo kiểu chữ ""Đinh"" và có tường bao bọc tạo thành khuôn viên chữ ""điền"" vuông vắn. Các công trình xây dựng gồm 3 phần: Cổng đền, nhà tiền tế, hậu cung. Bên trong đền có nhiều đồ thờ tự và các chi tiết chạm trổ tứ quý được tạo ra từ các loại gỗ quý."
"Đền thờ Trần Nguyên Hãn có những gian, tòa nào?","Đền thờ Trần Nguyên Hãn có tiền đường, trung đường và chính điện (hậu cung). Tiền đường rộng rãi, cao thoáng, gồm 5 gian. Gian trong cùng hay còn gọi là gian chính điện hoặc hậu cung có diện tích khoảng 20,44 m2."
Đền thờ Trần Nguyên Hãn đã qua bao nhiêu lần tu sửa?,"Đền thờ Trần Nguyên Hãn đã được tu sửa nhiều lần và xây dựng thêm, chủ yếu vào đời Nguyễn. Nghệ thuật kiến trúc mang phong cách thời Nguyễn: Đục trơn bào nhẵn, trang trí đơn giản. Từ khi xây dựng đến nay, đền đã được tu sửa nhiều lần."
"Đền thờ Trần Nguyên Hãn có những bảo vật, hiện vật quý giá nào?","Trong đền có đầy đủ đồ thờ tự như bát hương đồng, chiêng và chuông đồng, ngai thờ sơn son thếp vàng, chạm trổ tứ quý từ gỗ quý. Bệ Phật hình hoa sen làm từ đất nung, trang trí hình cánh sen trên bát sứ và lọ sứ men ngà rạn là dấu ấn nghệ thuật thời Trần. Một số cổ vật quý trong đền như tượng, long đao, chuông đồng, sắc phong đã được thu gom năm 1976."
Những câu chuyện liên quan tới đền thờ Trần Nguyên Hãn?,"Liên quan tới di tích tương truyền còn có 2 vật cổ: Thanh Gươm và phiến đá mài gươm. Chuyện kể rằng: Trong thời kỳ giặc Minh thống trị nước ta, Trần Nguyên Hãn mới bước vào tuổi thanh xuân. Vì cha mẹ lên khai hoang lập trại ở địa đầu trang Sơn Đông, nên ngày ngày."
Đền thờ nhà giáo Đỗ Khắc Chung tọa lạc tại vị trí nào?,"Đền thờ nhà giáo Đỗ Khắc Chung ở làng Quan Tử, xã Sơn Đông, huyện Lập Thạch. Đền được xây dựng từ khoảng giữa thế kỷ XIV trên nền lớp học cũ của nhà giáo Đỗ Khắc Chung. Dân làng quen gọi đền là miếu cụ Đỗ."
Đền thờ nhà giáo Đỗ Khắc Chung được xây dựng từ khi nào?,"Đền thờ nhà giáo Đỗ Khắc Chung được xây dựng từ khoảng giữa thế kỷ XIV. Đền được xây dựng trên nền lớp học cũ của nhà giáo Đỗ Khắc Chung. Đến thế kỷ XVIII, đền được dỡ bỏ miếu cũ và dựng lại khang trang hơn."
Đền thờ nhà giáo Đỗ Khắc Chung đã qua bao nhiêu lần tu sửa?,"Đền thờ nhà giáo Đỗ Khắc Chung đã trải qua 3 lần tu sửa vào các năm Tự Đức năm thứ 33 (24/11/1880), Khải Định năm thứ 9 (25/7/1924) và năm 1929."
Diện tích của đền thờ nhà giáo Đỗ Khắc Chung là bao nhiêu?,Đền thờ nhà giáo Đỗ Khắc Chung được xây dựng trên nền lớp học cũ. Ngôi đền được xây dựng từ khoảng giữa thế kỷ XIV. Lớp học của cụ có dáng như ngọn bút lông.
Đền thờ nhà giáo Đỗ Khắc Chung thờ ai?,Đền thờ nhà giáo Đỗ Khắc Chung thờ chính nhà giáo Đỗ Khắc Chung. Dân làng lập đền miếu thờ cụ Đỗ như là vị thần thành hoàng làng. Đỗ Khắc Chung là một công thần nhà Trần có tài học rộng.
Đền thờ nhà giáo Đỗ Khắc Chung được xây dựng từ vật liệu nào?,"Đền thờ nhà giáo Đỗ Khắc Chung được xây dựng bằng gỗ lim, gỗ mít. Các cấu kiện gỗ được đục chạm hoa văn trang trí bề mặt. Nội thất đền phù hợp với tín ngưỡng thờ cúng của dân tộc Việt."
"Đền thờ nhà giáo Đỗ Khắc Chung có những gian, tòa nào?","Đoạn văn bản này mô tả về đền thờ nhà giáo Đỗ Khắc Chung và đền Mẫu Đồng Đăng, nhưng không đề cập đến các gian, tòa của đền thờ nhà giáo Đỗ Khắc Chung. Thay vào đó, nó mô tả về lớp học cũ của nhà giáo Đỗ Khắc Chung và các gian thờ của đền Mẫu Đồng Đăng. Vì vậy, tôi không thể trả lời câu hỏi này dựa trên thông tin đã cho."
"Chi tiết về các bảo vật, hiện vật tại đền thờ nhà giáo Đỗ Khắc Chung?","Tôi xin lỗi, đoạn văn bản được cung cấp không có thông tin chi tiết về các bảo vật và hiện vật tại đền thờ nhà giáo Đỗ Khắc Chung."
Chi tiết về lễ hội tại đền thờ nhà giáo Đỗ Khắc Chung?,"Tôi xin lỗi, đoạn văn bản không cung cấp thông tin chi tiết về lễ hội tại đền thờ nhà giáo Đỗ Khắc Chung."
Đền Đuông tọa lạc tại vị trí nào?,"Đền Đuông nằm trên một gò đất cao thuộc xã Bồ Sao, huyện Vĩnh Tường, cách thành phố Vĩnh Yên 20km. Đền nằm trên đường du lịch theo tuyến quốc lộ 2 về thăm đất tổ Hùng Vương. Với không gian yên tĩnh và thoáng đãng, đền Đuông thích hợp là điểm du lịch tâm linh."
Đền Đuông thờ ai?,"Đền Đuông thờ Đông Hải Long Vương, con thứ 25 của Lạc Long Quân và Âu Cơ. Vì kiêng huý chữ “Đông” nên dân gian mới gọi tên đền là Đuông. Đền Đuông còn bảo tồn được 14 đạo sắc phong từ thời Cảnh Hưng (1745) đến đời vua Khải Định (1925) và cuốn ngọc phả ghi rõ về thần tích, lịch sử Đền."
Từng gian ở đền Đuông thờ ai?,"Đền Đuông thờ Đông Hải Long Vương, con thứ 25 của Lạc Long Quân và Âu Cơ. Đông Hải Long Vương được Hùng Vương giao cho cai quản cả vùng Bồ Sao, trị thuỷ sông Hồng, thu nạp dân phiêu tán vì lũ lụt về khai phá trại ấp, giữ yên tĩnh cho các làng chạ suốt vùng châu thổ, từ Ngã ba Hạc ra tới cửa biển. Các triều đại phong kiến sau này đều sắc phong cho ngài là “Đông Hải Long Vương tế thế chi thần”."
Đền Đuông có kiến trúc gì đặc biệt?,"Đền Đuông có kiến trúc hình chữ Công, với hai toà tiền đường và hậu cung được nối với nhau bằng ống muống. Toàn bộ công trình có 48 cột, hình đỉnh và 4 cây đèn to cao, màu đen bóng. Đền còn bảo tồn được 14 đạo sắc phong từ thời Cảnh Hưng (1745) đến đời vua Khải Định (1925) và cuốn ngọc phả ghi rõ về thần tích, lịch sử Đền."
"Đền Đuông có những gian, tòa nào?","Đền Đuông có tiền tế (5 gian), toà trung tế 3 gian nằm song song và kề bờ mái với toà tiền tế, trong là hậu cung 3 gian nối với trung tế theo hình chữ “đinh”. Đền có kiến trúc mặt bằng kiểu “nội đinh, ngoại nhất” qua cổng tam quan 2 tầng 4 mái tới sân đền lát gạch vuông. Tổng diện tích xây dựng của đền lên tới 600m2."
"Đền Đuông có những bảo vật, hiện vật quý giá nào?","Đền Đuông bảo tồn được 14 đạo sắc phong từ thời Cảnh Hưng (1745) đến đời vua Khải Định (1925) và cuốn ngọc phả ghi rõ về thần tích, lịch sử Đền. Bên trong đền có đầy đủ các đồ thờ tự như bát nhang đồng, chiêng và chuông đồng, ngai thờ sơn son thếp vàng, và các chi tiết chạm trổ tứ quý được tạo ra từ các loại gỗ quý. Ngoài ra, các bệ Phật hình hoa sen làm từ đất nung, cùng với những chi tiết trang trí hình cánh sen đặc trưng trên các bát sứ và lọ sứ men ngà rạn."
Đình Hiển Lễ tọa lạc tại vị trí nào?,"Đình Hiển Lễ tọa lạc ở một vị trí đẹp, rộng và bằng phẳng ở ven làng. Đình nằm ở vị trí giao thông rất thuận lợi, liền kề thị trấn Xuân Hòa, cách khu du lịch Đại Lải 6km, cách thị xã Phúc Yên 6km. Đình và làng gốm Hiển Lễ có thể trở thành điểm du lịch hấp dẫn."
"Đình Hiển Lễ có những bảo vật, hiện vật quý giá nào?","Đình Hiển Lễ lưu giữ nhiều cổ vật thuộc các loại chất liệu như gỗ, vải, đồng, giấy. Trong đó có hai cỗ ngai thánh làm thời Nguyễn được sơn son thếp vàng, đục chạm tinh tế; kiệu bát cống với lầu kiệu khá lớn hình mui thuyền, được làm từ thời Hậu Lê. Đặc biệt có 6 bản sắc phong và 2 cuốn ngọc phả chữ Hán, là tài liệu thuộc dạng cổ vật độc bản, rất quý."
Đình Hiển Lễ tổ chức lễ hội vào ngày nào?,Đình Hiển Lễ tổ chức giỗ Tổ vào ngày 28 tháng 3 âm lịch. Đây là một trong hai kỳ tiệc lớn nhất hàng năm tại đình. Lễ hội này thu hút đông đảo người dân và du khách đến tham gia.
Chi tiết về lễ hội đình Hiển Lễ?,"Hàng năm tại đình Hiển Lễ có nhiều ngày tiệc lệ, trong đó lớn nhất là 2 kỳ tiệc: giỗ Tổ. Đình Hiển Lễ tọa lạc ở một vị trí đẹp, rộng và bằng phẳng ở ven làng. Lúc mới khởi dựng, đình có quy mô kiến trúc rất đồ sộ với các tòa bố cục theo hình chữ “chủ”."
Đình Hiển Lễ thờ ai?,"Đình Hiển Lễ thờ ông (Đức thánh tổ Hà Tân), vợ ông (La Lang Lương thị) cùng với con trai ông (Đức thánh Trường Sinh). Họ là những người có công phò giúp vua Hùng và âm phù Hai Bà Trưng đánh giặc giúp nước, cứu dân. Họ đã được tôn phong làm thành hoàng làng."
Đình Hội Thịnh tọa lạc tại vị trí nào?,"Đình Hội Thịnh nằm ở xã Hợp Thịnh, huyện Tam Dương, tỉnh Vĩnh Phúc. Đình nằm phía trước bên phải trụ sở Uỷ ban nhân dân xã Hợp Thịnh. Đình được dựng trên một gò đất cao, bằng phẳng, nhô ra bên mép hồ nuôi trồng thủy sản."
Đình Hội Thịnh được xây dựng từ khi nào?,"Đình Hội Thịnh được xây dựng từ khoảng nửa cuối thế kỷ thứ XVII, không rõ năm khởi dựng. Ngôi đình cũ cách vị trí ngôi đình hiện nay khoảng 3m về phía sau, thuộc trung tâm Hội Hạ xưa. Đình Hội Thịnh được gọi theo tên làng Hội Thịnh xưa - một làng lớn của tổng Hội Hạ, tiền thân của xã Hợp Thịnh ngày nay."
Đình Hội Thịnh có kiến trúc gì đặc biệt?,"Đình Hội Thịnh được xây dựng trên một gò đất cao, bằng phẳng, nhô ra bên mép hồ nuôi trồng thủy sản. Đình quay lưng về phía đường trước UBND xã Hợp Thịnh và có quy mô khang trang. Tòa đại bái được phục dựng khang trang nhờ công đức của nhân dân thập phương."
Đình Hội Thịnh tổ chức lễ hội vào ngày nào?,"Đình Hội Thịnh duy trì 7 lễ tiệc hàng năm, trong đó có 3 ngày lễ chính là mùng 3 và mùng 10 tháng giêng, mùng 10 tháng 9 âm lịch. Phần hội diễn ra suốt đêm 19, cả ngày 20 và kết thúc vào nửa ngày 21."
Đình Hội Thịnh đã qua bao nhiêu lần tu sửa?,"Đình Hội Thịnh đã trải qua nhiều lần tu sửa do bị phá hoại và hư hỏng trong thời gian và các cuộc chiến tranh. Đình được phục dựng theo dáng dấp của đình cũ. Các hiện vật cũ còn giữ lại được rất ít, chủ yếu là các gia đình, cá nhân cung tiến từ năm 1996 trở lại đây."
Diện tích của đình Hội Thịnh là bao nhiêu?,"Đại đình gồm năm gian, hai trái có kích thước 16,8m x 6,8m. Gian chính rộng gần 4m, đây là nơi tế tự, cúng lễ. Đình Hội Thịnh hiện nay được dựng trên một gò đất cao, bằng phẳng."
"Đình Hội Thịnh có những gian, tòa nào?","Đình Hợp Thịnh có mặt bằng kiểu chữ Đinh, đại đình gồm năm gian, hai trái. Đại đình có kết cấu bốn hàng chân cột với 24 cột lớn. Tòa đại bái được phục dựng khang trang."
Chi tiết về lễ hội đình Hội Thịnh?,"Đình Hội Thịnh duy trì đầy đủ 7 lễ tiệc hàng năm theo phong tục từ trước để lại. Trong đó có 3 ngày lễ chính là mùng 3 và mùng 10 tháng giêng, mùng 10 tháng 9 âm lịch."
Những sự kiện lịch sử quan trọng đã diễn ra tại đình Hội Thịnh?,"Đình Hội Thịnh đã từng chứng kiến và che chở cho những người hoạt động cách mạng. Nơi đây từng là nơi chứa kho vũ khí, thuốc men, là nơi cứu chữa bệnh binh, sơ tán của các cơ quan Đảng, chính quyền tỉnh trong các cuộc chiến tranh của đất nước. Tháng 02/2011 đình Hội Thịnh được UBND tỉnh Vĩnh Phúc công nhận là Di tích Lịch sử văn hóa cấp tỉnh."
Đình Hương Canh được xây dựng từ khi nào?,"Đình Hương Canh được xây dựng vào thời Hậu Lê (thế kỷ XVII). Đình có kiến trúc đồ sộ, chạm trổ tinh vi điêu luyện. Đình Hương Canh tạo thành cụm di tích dầy đặc về mật độ, độc đáo về mỹ thuật kiến trúc gỗ cổ dân gian, rất quý hiếm của tỉnh Vĩnh Phúc."
Đình Hương Canh xây dựng vào thời đại nào?,"Đình Hương Canh được xây dựng vào thời Hậu Lê (thế kỷ XVII). Đình có kiến trúc đồ sộ, chạm trổ tinh vi điêu luyện. Đình Hương Canh tạo thành cụm di tích dầy đặc về mật độ, độc đáo về mỹ thuật kiến trúc gỗ cổ dân gian, rất quý hiếm của tỉnh Vĩnh Phúc, của xứ Đoài và vùng đồng bằng - trung du Bắc bộ."
Đình Hương Canh có kiến trúc gì đặc biệt?,"Đình Hương Canh là một ngôi đình có kiến trúc đồ sộ, chạm trổ tinh vi điêu luyện. Xưa kia, đình Hương Canh có 3 toà kiến trúc bố cục theo kiểu chữ “vương”, năm 1964 trong khi tu sửa đã dỡ đi toà cuối cùng, nay còn toà tiền tế và đại đình. Tiền tế đình Hương Canh gồm 3 gian, mái được làm kiểu 2 tầng 8 mái, toà đại đình 5 gian 2 dĩ, dài 26m, rộng 13,50m, 4 mái."
Đình Hương Canh đã qua bao nhiêu lần tu sửa?,"Đình Hương Canh đã được tu sửa vào năm 1964. Trong quá trình tu sửa, tòa cuối cùng đã bị dỡ bỏ. Hiện nay, đình còn lại tòa tiền tế và đại đình."
Đình Hương Canh tọa lạc tại vị trí nào?,"Đình Hương Canh nằm ở vị trí giữa làng. Đình Hương Canh đã đứng đó gần 300 năm. Đình Hương Canh như thách thức với nắng mưa, như khoe với thiên nhiên cỏ cây."
Những ngôi chùa nào gần ngôi đình Hương Canh?,"Chùa Kính Phúc nằm gần đình Hương Canh. Cùng với đình Ngọc Canh, Tiên Canh, chùa Kính Phúc và các điếm, miếu cổ trong một khu vực không rộng của làng gốm cổ Hương Canh - đình Hương Canh tạo thành cụm di tích dầy đặc về mật độ, độc đáo về mỹ thuật kiến trúc gỗ cổ dân gian."
Đình Hương Canh được xây dựng từ vật liệu nào?,"Đình Hương Canh là ngôi đình có kiến trúc đồ sộ, chạm trổ tinh vi điêu luyện. Đình Ngọc Canh có kiểu thức kiến trúc tương tự đình Hương Canh, rất đồ sộ, cột lớn kết cấu vững chãi. Để chống đỡ bộ mái nặng hàng chục tấn ấy, các nhà thiết kế thời xưa đã sử dụng gỗ."
"Những ngôi đình, chùa nào đạt di tích lịch sử cấp quốc gia?",Đôi chuông chùa Viên Minh được xếp hạng Di tích nghệ thuật cấp Quốc gia năm 1993. Chùa Làng Dòng được công nhận là di tích lịch sử văn hóa cấp quốc gia năm 1980. Bàn thờ Phật bằng đá tại chùa Xuân Lũng đã được công nhận là Bảo vật quốc gia năm 2021.
"Đình Hương Canh có những gian, tòa nào?","Đình Hương Canh xưa kia có 3 tòa kiến trúc bố cục theo kiểu chữ ""vương"". Hiện nay, đình còn tòa tiền tế và đại đình. Tiền tế đình Hương Canh gồm 3 gian, toà đại đình 5 gian 2 dĩ."
Đình Hương Canh có ảnh hưởng như thế nào đến cộng đồng địa phương?,"Đình Hương Canh, một công trình kiến trúc đạt đến đỉnh cao về nghệ thuật điêu khắc gỗ cổ dân gian, không chỉ thu hút sự quan tâm nghiên cứu của giới khoa học mà còn là điểm đến hấp dẫn cho du khách. Đình Hương Canh cùng với các di tích khác tạo thành cụm di tích có mật độ dày đặc, độc đáo về mỹ thuật kiến trúc gỗ cổ dân gian, rất quý hiếm của tỉnh Vĩnh Phúc, của xứ Đoài và vùng đồng bằng - trung du Bắc bộ. Trong tương lai, đình Hương Canh hứa hẹn sẽ là địa chỉ đỏ trong những chuyến hành hương tham quan thưởng ngoạn của du khách gần xa."
Đình Ngọc Canh được xây dựng từ khi nào?,Đình Ngọc Canh được khởi dựng thời Hậu Lê (thế kỷ XVII). Đình có kiểu thức kiến trúc tương tự đình Hương Canh. Đình có cột lớn kết cấu vững chãi.
Đình Ngọc Canh có kiến trúc gì đặc biệt?,"Đình Ngọc Canh có kiểu thức kiến trúc tương tự đình Hương Canh, rất đồ sộ, cột lớn kết cấu vững chãi. Hiện đình còn nguyên 3 toà kiến trúc bố cục như hình chữ “vương”. Về nghệ thuật chạm khắc, đình Ngọc Canh cũng có những bức chạm giống đình Hương Canh."
Đình Ngọc Canh thờ ai?,"Đình Ngọc Canh thờ 6 vị thành hoàng. Đó là Thiên Sách Vương Ngô Xương Ngập, Nam Tấn Vương Ngô Xương Văn, Linh Quang Thái Hậu Dương Thị Như Ngọc, A Lữ nương nương Dương Phương Lan, Thị Tùng phu nhân Phạm Thị Uy Duyên, Đông Ngạc đại thần Đỗ Cảnh Thạc. Các vị này đều có liên quan đến Ngô Quyền."
"Đình Ngọc Canh có những gian, tòa nào?","Đình Ngọc Canh có 3 tòa kiến trúc bố cục như hình chữ “vương”. Tiền tế 5 gian dài 20m, rộng 7,10m. Đại đình 5 gian 2 dĩ dài 24m, rộng 15,50m; hậu cung 5 gian dài 10m, rộng 7,30m."
Đình Sơn Bao thờ ai?,"Đình Sơn Bao thờ ba vị thành hoàng. Đó là Tản Viên Sơn Thánh, Cao Sơn Đại Vương, Quý Minh Đại Vương. Tương truyền là ba vị thần sinh ở vùng núi Tản Viên, có công giúp vua Hùng Duệ Vương đánh giặc."
Đình Sơn Bao tọa lạc tại vị trí nào?,"Đình Sơn Bao tọa lạc tại làng Bầu, xã Liên Bảo, thành phố Vĩnh Yên. Đình còn được gọi là đình Bầu."
Đình Sơn Bao được xây dựng từ khi nào?,"Đình Sơn Bao được xây dựng từ đời vua Cảnh Hưng năm thứ 18, tức năm 1758. Đình Sơn Bao thuộc loại di tích kiến trúc nghệ thuật. Ngôi đình Sơn Bao trước đây có quy mô lớn, khung đình chịu lực được làm bằng gỗ Tứ Thiết."
Đình Sơn Bao xây dựng vào thời đại nào?,"Đình Sơn Bao được khởi xây dựng từ đời vua Cảnh Hưng năm thứ 18, tức năm 1758. Đình thuộc loại di tích kiến trúc nghệ thuật. Ngôi đình Sơn Bao trước đây có quy mô lớn, khung đình chịu lực được làm bằng gỗ Tứ Thiết."
Đình Sơn Bao đã qua bao nhiêu lần tu sửa?,"Đình Sơn Bao đã trải qua nhiều lần tu sửa. Lần tu sửa đầu tiên là sau khi đình bị ném bom năm 1943. Lần tu sửa thứ hai là vào năm 1952, sau khi đình bị thực dân Pháp đốt phá năm 1951."
Diện tích của đình Sơn Bao là bao nhiêu?,"Diện tích sử dụng của đình Sơn Bao là 109,5m2. Đình có quy mô 3 toà tiền tế 3 gian 2 dĩ, trung tế 3 gian và hậu cung 1 gian. Đình có 16 cột chịu lực bằng bê tông, vì kèo dàn tay được làm bằng gỗ, mái lợp ngói mũi ở các góc mái."
"Đình Sơn Bao có những bảo vật, hiện vật quý giá nào?","Đình Sơn Bao có ngọc phả được hàng ngàn thế hệ lưu truyền gìn giữ. Hiện vật mới gồm đồ gỗ, đồ sứ, đồ đồng như ngai thờ, đài nước, hạc đứng trên lưng rùa, hạc nhỏ, án gian, kiều dài, hoành phi câu đối, bộ chấp kích, trống, chuông, đỉnh đồng. Các hiện vật này đều được mua sắm công đức vào đình đầy đủ theo lễ nghi."
"Đình Sơn Bao có những gian, tòa nào?","Đình Sơn Bao có quy mô 3 toà tiền tế 3 gian 2 dĩ, trung tế 3 gian và hậu cung 1 gian. Diện tích sử dụng của đình là 109,5m2. Đình có 16 cột chịu lực bằng bê tông, vì kèo dàn tay được làm bằng gỗ, mái lợp ngói mũi ở các góc mái."
Đình Thổ Tang được xây dựng từ khi nào?,Đình Thổ Tang được tạo dựng từ thế kỷ XVII. Đình còn bảo lưu được tương đối nguyên vẹn kiểu thức kiến trúc thời Hậu Lê. Đình là di tích được xếp hạng quốc gia sớm nhất ở Vĩnh Phúc.
Đình Thổ Tang xây dựng vào thời đại nào?,Đình Thổ Tang được tạo dựng từ thế kỷ XVII. Đình còn bảo lưu được kiểu thức kiến trúc thời Hậu Lê. Đình là di tích được xếp hạng quốc gia sớm nhất ở Vĩnh Phúc.
Đình Thổ Tang thờ ai?,"Đình Thổ Tang thờ danh tướng Lân Hổ. Ông là người có công đánh giặc Nguyên Mông ở thế kỷ XIII. Theo lệnh Vua Trần, Lân Hổ đã dẫn quân lên vùng Gia Ninh lập phòng tuyến, bày binh bố trận, chỉ huy quân sĩ chiến đấu anh dũng, tiêu diệt nhiều sinh lực địch, bảo vệ kinh đô Thăng Long."
Đình Thổ Tang được xây dựng từ vật liệu nào?,"Đình Thổ Tang có 60 cột làm bằng gỗ tốt đại khoa. Nền đình dài 25,80m, rộng 14,20m, bó đá xanh xung quanh. Đình còn 21 bức chạm khắc gỗ tinh tế."
"Đình Thổ Tang có những gian, tòa nào?","Đình Thổ Tang được xây dựng với quy mô đồ sộ, gồm hai toà kiến trúc bố cục theo hình chữ ""đinh"". Đại đình 5 gian 2 dĩ 6 hàng chân, hậu cung 2 gian. Toàn đình đếm được 60 cột, làm bằng gỗ tốt đại khoa."
Diện tích của đình Thổ Tang là bao nhiêu?,"Đình Thổ Tang tọa lạc trên diện tích 1394m2. Sân đình khá rộng, lát gạch đỏ. Quanh sân trồng nhiều các loại cây cảnh để tạo thêm vẻ đẹp xanh tươi và làm bóng mát cho ngôi đình."
Đình Thổ Tang có ảnh hưởng như thế nào đến cộng đồng địa phương?,"Đình Thổ Tang là trung tâm để tổ chức lễ hội cùng những trò diễn, hèm tục tưởng niệm về vị tướng tài Lân Hổ và cuộc kháng chiến chống giặc ngoại xâm bảo vệ đất nước của dân tộc ta thời Trần. Đình Thổ Tang là một trong những ngôi đình đạt đến đỉnh cao về mỹ thuật điêu khắc gỗ cổ dân gian thời Hậu Lê. Đình Thổ Tang thu hút sự quan tâm nghiên cứu của giới khoa học, sự quan tâm bảo vệ tu bổ của Nhà nước các cấp, chính quyền và nhân dân địa phương."
Đình Thổ Tang có kiến trúc gì đặc biệt?,"Đình Thổ Tang được xây dựng với quy mô đồ sộ, gồm hai toà kiến trúc bố cục theo hình chữ ""đinh"". Đại đình 5 gian 2 dĩ 6 hàng chân, hậu cung 2 gian. Kết cấu kiến trúc kiểu tứ trụ, chồng rường giá chiêng, gia cố bền chắc."
Đình Tiên Canh có kiến trúc gì đặc biệt?,"Đình Tiên Canh có kiến trúc giống đình Hương Canh và Ngọc Canh, nhưng diện tích lớn hơn. Các kiến trúc bao gồm tiền tế 5 gian, đại đình 5 gian 2 dĩ, và hậu cung 5 gian 2 dĩ. Đình được chạm khắc, trang trí tinh tế, đặc biệt là cửa võng với hình rồng thếp vàng lóng lánh."
Đình Tiên Canh được xây dựng từ vật liệu nào?,"Đình Tiên Canh được xây dựng trên bộ khung kiến trúc gỗ đồ sộ, vững chãi. Các hình rồng đều được thếp vàng lóng lánh rực rỡ. Chạm trổ ở cửa võng đình Tiên Canh là kiệt tác độc đáo về chạm khắc gỗ cổ dân gian ở Vĩnh Phúc cuối thế kỷ XVIII."
"Đình Tiên Canh có những gian, tòa nào?","Đình Tiên Canh có tiền tế 5 gian, đại đình 5 gian 2 dĩ và hậu cung 5 gian 2 dĩ. Đình Tiên Canh có kết cấu, kiểu thức kiến trúc, niên đại xây dựng giống đình Hương Canh và Ngọc Canh. Tuy nhiên, diện tích đình Tiên Canh lớn hơn."
Đình làng Tri Chỉ tọa lạc tại vị trí nào?,"Đình làng Tri Chỉ nằm ở thôn Tri Chỉ xã Đồng Cương, huyện Yên Lạc, tỉnh Vĩnh Phúc. Đình nằm trên một khoảng đất bằng phẳng, diện tích trên 1.000 m2. Ba mặt đình được bao bọc bởi ao làng, bốn mùa soi bóng tre xanh."
Đình làng Tri Chỉ cách thành phố Vĩnh Yên bao xa?,"Đình làng Tri Chỉ cách thành phố Vĩnh Yên 10km. Đình nằm ở thôn Tri Chỉ, xã Đồng Cương, huyện Yên Lạc, tỉnh Vĩnh Phúc. Nơi đây đã được Bộ Văn hóa Thông Tin cấp bằng di tích lịch sử cấp quốc gia."
Đình làng Tri Chỉ được công nhận là di tích lịch sử cấp quốc gia vào ngày nào?,Đình làng Tri Chỉ được công nhận là di tích lịch sử cấp quốc gia theo quyết định số 460/ QĐ-BT ngày 18 tháng 03 năm 1996. Quyết định này được ban hành bởi Bộ Văn hóa Thông Tin.
Đình làng Tri Chỉ thờ ai?,Đình Tri Chỉ thờ Khoan Khoáng đại vương. Thông tin này được ghi trong cuốn ngọc phả của đình. Đình làng là nơi thờ tự linh thiêng và là ngôi nhà chung của cộng đồng làng xóm.
Lễ hội đình làng Tri Chỉ được tổ chức vào ngày nào?,"Tôi xin lỗi, thông tin về ngày tổ chức lễ hội đình làng Tri Chỉ không có trong đoạn văn bản này."
Diện tích của đình làng Tri Chỉ là bao nhiêu?,"Đình làng Tri Chỉ được xây dựng trên một khoảng đất bằng phẳng, với diện tích trên 1.000 m2. Đình có kiến trúc kiểu chữ đinh, gồm 5 gian đại bái, 2 gian hậu cung với tổng diện tích là 278 m2."
Đình làng Tri Chỉ có kiến trúc gì đặc biệt?,"Đình làng Tri Chỉ có kiến trúc kiểu chữ đinh, gồm 5 gian đại bái, 2 gian hậu cung với tổng diện tích là 278 m2. Đình được xây dựng trên một khoảng đất bằng phẳng, với diện tích trên 1.000 m2, ba mặt được bao bọc bởi một dải ao làng, bốn mùa soi bóng tre xanh. Đình còn bảo lưu được khá nhiều mảng chạm trổ lớn bằng gỗ tạo nên giá trị khoa học và thẩm mỹ."
Đình làng Tri Chỉ đã qua bao nhiêu lần tu sửa?,"Đình Tri Chỉ đã trải qua nhiều lần trùng tu. Lần đại tu lớn nhất vào năm 2009, nâng cấp toàn bộ phần mái và mặt tiền. Hiện nay, đình to hơn trước, có kiến trúc như ban đầu xây dựng."
"Đình làng Tri Chỉ có những bảo vật, hiện vật quý giá nào?","Đình làng Tri Chỉ còn lưu giữ được nhiều di vật có giá trị. Trong cuốn ngọc phả của đình hiện đang lưu giữ tại Trung tâm Nghiên cứu Khoa học và Nhân văn Quốc gia có ghi: Đình Tri Chỉ thờ Khoan Khoáng đại vương. Đình làng Tri Chỉ là điểm văn hóa tâm linh, được người dân địa phương giữ gìn và bảo tồn xứng đáng là di tích lịch sử quốc gia."
Chi tiết về lễ hội đình làng Tri Chỉ?,"Tôi xin lỗi, thông tin về lễ hội đình làng Tri Chỉ không có trong đoạn văn bản này."
Chùa Linh Thông tọa lạc tại vị trí nào?,"Chùa Linh Thông cách trung tâm xã Minh Quân 2,5 km, cách huyện Trấn Yên 27 km, cách trung tâm tỉnh Yên Bái 18 km. Di tích nằm kề ngay Quốc lộ 32C. Nếu từ trung tâm tỉnh lỵ Yên Bái đi xuống, Chùa nằm về phía tay phải, ngược lại từ Phú Thọ đi lên Chùa nằm về phía tay trái."
Chùa Linh Thông được công nhận là di tích lịch sử cấp nào?,Chùa Linh Thông được công nhận là Di tích lịch sử cách mạng cấp tỉnh. Quyết định này được ban hành theo Quyết định số 395/QĐ-UBND ngày 25/6/2006 của Ủy ban nhân dân tỉnh Yên Bái.
Chùa Linh Thông thờ ai?,"Tôi xin lỗi, thông tin này không có trong tài liệu."
Chùa Linh Thông được xây dựng từ vật liệu nào?,"Chùa Linh Thông được tạo dựng từ lâu đời bằng gỗ lim khang trang, rộng rãi với những đường nét chạm khắc công phu."
"Chùa Linh Thông có những gian, tòa nào?","Tôi xin lỗi, thông tin này không có trong tài liệu."
Những sự kiện lịch sử quan trọng nào đã diễn ra tại chùa Linh Thông?,"Chùa Linh Thông là điểm kết nối mọi hoạt động quan trọng của vùng chiến khu Vần - Hiền Lương, là hậu cứ quan trọng, là nơi triệu tập những cuộc họp quyết định việc mở rộng lực lượng, khởi nghĩa vũ trang, giành chính quyền ở địa phương. Chùa còn là nơi cất giấu vũ khí, nuôi giấu hàng trăm cán bộ cách mạng trong những năm tháng nóng bỏng đó. Chùa Linh Thông có nhiều đóng góp cho cách mạng, góp phần làm nên Mùa thu cách mạng năm 1945 trên quê hương Yên Bái."
"Chi tiết về các bảo vật, hiện vật tại chùa Linh Thông?","Bảo tàng tỉnh hiện đang lưu giữ những hiện vật từ Chùa Linh Thông. Chùa Linh Thông được tạo dựng từ lâu đời bằng gỗ lim khang trang, rộng rãi với những đường nét chạm khắc công phu. Chùa Linh Thông là điểm quan trọng ngày tiền khởi nghĩa."
Chùa Tháp Hắc Y có tên gọi khác là gì?,"Chùa Tháp Hắc Y còn được biết đến với tên gọi là miếu Hắc Y. Trước đây, chùa nằm trên đỉnh núi Vua Áo Đen. Kiến trúc của chùa rất độc đáo, phản ánh rõ nét dấu ấn tồn tại trong quá khứ."
Chùa Tháp Hắc Y có kiến trúc gì đặc biệt?,"Chùa Tháp Hắc Y có kiến trúc độc đáo, phản ánh rõ nét dấu ấn tồn tại trong quá khứ. Đây là ngọn tháp thời Trần đầu tiên được khám phá với kiến trúc dạng mái cong. Thân tháp được trang trí phong phú với lớp hoa văn đa dạng và tinh tế, cùng với kỹ thuật tạo hoa văn trang trí độc đáo cho từng tầng tháp và bệ thủy ba."
Chùa Tháp Hắc Y tọa lạc tại vị trí nào?,"Chùa Tháp Hắc Y nằm trên đỉnh núi Vua Áo Đen. Quần thể di tích Chùa Tháp Hắc Y - Đền Đại Cại tọa lạc tại tỉnh lộ 134, xã Tân Lĩnh, huyện Lục Yên, cách thành phố Yên Bái 80km."
Chùa Tháp Hắc Y được xây dựng từ vật liệu nào?,"Chùa Tháp Hắc Y được xây dựng từ đất nung. Kiến trúc của chùa này rất độc đáo, phản ánh rõ nét dấu ấn tồn tại trong quá khứ. Thân tháp được trang trí một cách phong phú với lớp hoa văn đa dạng và tinh tế."
Đền Đại Cại thờ ai?,"Đền Đại Cại thờ bà Vũ Ngọc Anh, một nữ tướng thời Hậu Lê. Bà là một nữ tướng có uyên bác về cả văn và võ, được triều đình phong chức Tổng binh và sau này được vua tôn thờ làm nữ tướng. Ngoài bà Vũ Ngọc Anh, Đền Đại Cại còn thờ hai anh em Vũ Văn Mật và Vũ Văn Uyển - hai nhà lãnh đạo có công lớn trong cuộc kháng chiến chống lại quân Mạc."
Đền Đại Cại được xây dựng từ vật liệu nào?,"Đền Đại Cại được xây dựng từ gỗ tứ thiết theo kiểu chữ Đinh. Mặc dù sử dụng vật liệu gỗ quý hiếm, nghệ thuật kiến trúc của đền vẫn giản dị."
Chi tiết về lễ hội Đền Đại Cại?,"Lễ hội Đền Đại Cại được tổ chức hàng năm vào rằm tháng giêng, kéo dài trong hai ngày, gồm phần lễ và phần hội. Phần lễ tưởng nhớ công lao của các vị danh nhân và cầu mong mùa màng tươi tốt, sự an khang thịnh vượng. Phần hội có nhiều hoạt động như văn nghệ, thể thao, trò chơi dân gian, tạo kỷ niệm đáng nhớ cho người tham gia."
Chùa Tháp Hắc Y có ảnh hưởng như thế nào đến cộng đồng địa phương?,Chùa Tháp Hắc Y là một công trình văn hóa tâm linh quan trọng đối với người dân địa phương. Nó là một nơi giao lưu văn hóa giữa các dân tộc trong vùng. Khách hành hương và con nhang đệ tử phần đông là dân Yên Bình.
Đền Đại Cại được xây dựng từ khi nào?,"Đền Đại Cại được xây dựng từ hơn 300 năm trước. Hàng năm, cư dân tại đây tổ chức lễ hội Đền Đại Cại diễn ra trong hai ngày. Ngày lễ chính diễn ra vào rằm tháng giêng, gồm hai phần là phần lễ và phần hội."
Đền Thác Bà có tên gọi khác là gì?,"Đền Thác Bà còn có tên gọi khác là Đền Mẫu Thác Bà. Đền Thác Bà nằm ở thị trấn Thác Bà, huyện Yên Bình, tỉnh Yên Bái. Đền Thác Bà được công nhận là Di tích lịch sử - văn hóa cấp tỉnh."
Đền Thác Bà tọa lạc tại vị trí nào?,"Đền Thác Bà nằm trên núi Hoàng Thi ở độ cao 70m so với chân núi. Đền thuộc thị trấn Thác Bà, huyện Yên Bình, tỉnh Yên Bái. Đền quay theo hướng Đông Bắc dựa lưng vào núi, nhìn ra sông Chảy."
Đền Thác Bà thờ ai?,"Đền Thác Bà thờ Thánh Mẫu Thác Bà, Tam Phủ, và các Hoàng Cô Hoàng Cậu. Gian hậu cung thờ Mẫu Thác Bà và Tam Tòa Thánh Mẫu. Ở cung chính tâm thờ Tam Phủ: Đức Ngọc Hoàng, quan Nam Tào, quan Bắc Đẩu và Ngũ Vị Tôn Ông."
"Đền Thác Bà có những gian, tòa nào?","Đền Thác Bà có 5 gian đại bái, 3 gian trung cung và 3 gian hậu cung. Đền có kiến trúc mặt bằng kiểu “nội đinh, ngoại nhất” qua cổng tam quan 2 tầng 4 mái tới sân đền lát gạch vuông rồi vào tiền tế (5 gian). Sau đó đến toà trung tế 3 gian nằm song song và kề bờ mái với toà tiền tế, trong là hậu cung 3 gian nối với trung tế theo hình chữ “đinh”."
Chi tiết về lễ hội đền Thác Bà?,"Lễ hội đền Mẫu Thác Bà có 3 lễ hội chính: Lễ hội mùa xuân ngày mùng 9 tháng Giêng, lễ hội mùa hè ngày 17 tháng 5 và lễ hội mùa thu ngày 10 tháng 10 (âm lịch), trong đó lễ hội xuân là lễ hội lớn nhất. Từ đêm ngày mùng 8 tháng Giêng đã có lễ nấu và đánh chè kho nguyên liệu là đỗ. Lễ hội đền Thác Bà là nơi giao lưu văn hóa giữa các dân tộc trong vùng."
Đền Thác Bà có ảnh hưởng như thế nào đến cộng đồng địa phương?,"Đền Thác Bà là một công trình văn hóa tâm linh quan trọng, nơi người dân và du khách hành hương đến cầu bình an. Lễ hội đền mẫu Thác Bà làm sống động thêm đời sống văn hóa của người dân vùng hạ lưu sông Chảy và là nơi giao lưu văn hóa giữa các dân tộc trong vùng. Đền còn là điểm đến hấp dẫn để khám phá cảnh quan sinh thái của Hồ Thác Bà."
Đền Thác Bà đạt di tích lịch sử cấp nào?,"Đền Thác Bà được công nhận là Di tích lịch sử - văn hóa cấp tỉnh. Quyết định này được ban hành theo Quyết định số 701/QĐ-UBND vào ngày 28/12/2004 của Ủy ban nhân dân tỉnh Yên Bái. Đền tọa lạc tại thị trấn Thác Bà, huyện Yên Bình, tỉnh Yên Bái."
Đền Nhược Sơn có tên gọi khác là gì?,"Đền Nhược Sơn còn được người dân địa phương gọi bằng những tên khác như Loòng Mẹac và Tại Mẹac. Đền Nhược Sơn nằm ở thôn Ngọc Châu, xã Châu Quế Hạ. Đền thờ võ tướng Hà Chương, một nhân vật lịch sử có công trấn giữ biên cương phía Bắc."
Đền Nhược Sơn tọa lạc tại vị trí nào?,"Đền Nhược Sơn thuộc thôn Ngọc Châu, xã Châu Quế Hạ. Nó nằm bên bờ sông Hồng, cách thị trấn Mậu A, huyện Văn Yên (Yên Bái) chừng 41 km theo đường tỉnh lộ 151."
Đền Nhược Sơn thờ ai?,Tôi không biết. Các đoạn văn bản được cung cấp không chứa thông tin về việc đền Nhược Sơn thờ ai. Các đoạn văn bản chỉ đề cập đến đền Nhược Sơn và đền Kỳ Sầm.
Đền Nhược Sơn tổ chức lễ hội vào ngày nào?,"Đền Nhược Sơn đã khôi phục hoạt động lễ hội trong hai năm qua và thu hút ngày càng nhiều du khách. Người dân địa phương còn gọi đền Nhược Sơn bằng những tên gọi khác như Loòng Mẹac, Tại Mẹac. Không có thông tin về ngày cụ thể tổ chức lễ hội đền Nhược Sơn trong đoạn văn này."
Đền Nhược Sơn đạt di tích lịch sử cấp nào?,"Đền Nhược Sơn được xếp hạng Di tích cấp Quốc gia năm 2006. Đền Nhược Sơn nằm ở thôn Ngọc Châu, xã Châu Quế Hạ. Đền thờ võ tướng Hà Chương."
Chi tiết về lễ hội đền Nhược Sơn?,"Đền Nhược Sơn đã khôi phục hoạt động lễ hội trong hai năm qua và thu hút ngày càng nhiều du khách. Đền Nhược Sơn còn được người dân địa phương gọi là Loòng Mẹac, Tại Mẹac. Không có thông tin chi tiết về các nghi lễ được cung cấp trong tài liệu."
Những sự kiện lịch sử quan trọng đã diễn ra tại đền Nhược Sơn?,"Vào tháng Hai năm 1287, hơn 30 vạn quân Nguyên Mông tiến đánh nước ta. Đạo quân Nguyên Mông do Nạt Tốc Lạt Đinh chỉ huy khi tháo chạy qua địa phận Phù Ninh đã bị quân dân đánh tan. Đền Nhược Sơn là nơi thờ võ tướng Hà Chương, người có công trấn giữ biên cương phía Bắc và góp phần vào chiến thắng của dân tộc."
Đền Đông Cuông có tên gọi khác là gì?,Đền Đông Cuông còn được gọi là đình Đông Cuông. Giáo sư Trần Lâm Biền và Trần Quốc Vượng cũng gọi như vậy. Đền Đông Cuông cũng được gọi là đình của người Tày Khao.
Đền Đông Cuông được xây dựng từ khi nào?,"Đền Đông Cuông đã tồn tại từ lâu đời và được phát triển từ một Miếu cổ thuộc trung tâm trại Quy Hóa thời Trần. Các thư tịch cổ như Kiến văn tiểu lục, Đại Nam thống nhất chí đều có ghi chép về ngôi Đền Đông Cuông này. Đền Đông Cuông sơ khởi là Miếu thờ Đông Quang công chúa do các dòng họ Hà, Hoàng là người Tày Khao sáng lập."
Đền Đông Cuông tọa lạc tại vị trí nào?,"Đền Đông Cuông tọa lạc tại xã Đông Cuông, huyện Văn Yên, tỉnh Yên Bái. Đền nằm sát bên bờ sông Hồng. Xung quanh đền là đồng ruộng và núi rừng bao bọc."
Đền Đông Cuông thờ ai?,"Đền Đông Cuông thờ Đông Quang công chúa, quan Thống Chế Đại vương và Ngũ Vị Tiên Ông của người Tày. Tượng thờ được đặt trong đền và coi đền là đình của họ. Đền Đông Cuông cũng được coi là đình của người Tày Khao."
Đền Đông Cuông được xây dựng từ vật liệu nào?,"Ban đầu, đền Đông Cuông được dựng lại bằng vật liệu tranh tre, nứa lá. Sau đó, năm 1995, đền được xây dựng lại trên nền cũ."
"Đền Đông Cuông có những gian, tòa nào?","Tôi xin lỗi, thông tin này không có trong tài liệu."
Chi tiết về lễ hội đền Đông Cuông?,"Hàng năm, ngoài tuần rằm mùng một, tứ thời bát tiết Đền Đông Cuông có 2 Lễ chính, ngày Mão tháng Giêng, ngày Mão tháng Chín mổ trâu đen. Ba năm một lần lễ hội lớn. Tiếng hát then, hát cọi, khèn bè, tiếng reo hò, kéo co, ném còn thắng cuộc, cờ bay trước gió, khiến cho cả vùng trở lên tưng bừng náo nhiệt, cuối hội nam nữ các bản làng xã tổ chức hát giã hội chia tay hẹn hò hội xuân tới gặp lại."
Đình Lương Nham có tên gọi khác là gì?,Đình Lương Nham còn có tên gọi khác là Đình Trắng. Đình Lương Nham được Ủy ban nhân dân tỉnh Yên Bái công nhận là Di tích lịch sử - văn hóa cấp tỉnh theo Quyết định số 460/QĐ-UBND.
Đình Lương Nham được xây dựng từ khi nào?,"Đình Lương Nham được tạo dựng từ thế kỷ XVII. Đình còn bảo lưu được tương đối nguyên vẹn kiểu thức kiến trúc thời Hậu Lê. Đình thờ danh tướng Lân Hổ, có công đánh giặc Nguyên Mông ở thế kỷ XIII."
Đình Lương Nham có kiến trúc gì đặc biệt?,"Đình Lương Nham kết cấu hình chữ nhất quay theo hướng Nam, 4 xung quanh là vườn của Đình. Đình có 3 gian, được xây bằng vữa tam hợp (mật, cát và vôi), lợp ngói đỏ. Mỗi gian có diện tích là 18m2, cung thờ được thiết lập ở gian trong cùng hướng mặt ra cửa chính."
Đình Lương Nham tổ chức lễ hội vào ngày nào?,"Đình Lương Nham tổ chức lễ thay mũ, áo vào ngày 11 tháng 12 âm lịch. Lễ này được tổ chức cho 5 vị đại vương. Cỗ bàn trong lễ này tùy dụng."
Đình Lương Nham đã qua bao nhiêu lần tu sửa?,"Tôi xin lỗi, thông tin này không có trong tài liệu."
Diện tích của Đình Lương Nham là bao nhiêu?,"Tổng diện tích quy hoạch của Đình Lương Nham là 25.424,6m2. Trong đó, diện tích khu vực 1 là: 617,8m2, diện tích khu vực 2 là: 24.806,8m2. Khu vực 2 của Đình Lương Nham có phía Bắc giáp tràn ruộng Đồng Cút, phía Nam giáp đường 7C, phía Đông giáp đường Lương Yên."
Đình Lương Nham tọa lạc tại vị trí nào?,"Đình Lương Nham (Đình Trắng) tọa lạc tại phường Yên Thịnh, thành phố Yên Bái, tỉnh Yên Bái. Đình cách trung tâm thành phố Yên Bái 4 km. Để đến được di tích, du khách có thể di chuyển bằng đường bộ."
Đình Lương Nham thờ ai?,"Đình Lương Nham thờ 8 vị đại vương làm Thành hoàng. Đình thờ 3 vị Thánh vương ở tòa trên cùng, tam vị đại vương ở tòa giữa, và Thái tử Nguyễn Công Rước cùng công chúa Quế Hoa ở tòa dưới cùng. Ngoài ra, Đình còn thờ Đức Thánh Trần và bát hương sơn thần."
Từng gian ở Đình Lương Nham thờ ai?,"Tòa trên cùng thờ 3 vị Thánh vương là: Đột Ngột Cao Sơn Thánh Vương, Cao Sơn Bảo Hưng Thánh Vương, Cao Sơn Nông Cả Thánh Vương. Tòa giữa thờ tam vị đại vương: Thạch Linh Đại Vương, Thổ Lệnh Đại Vương, Hồng Dũng Đại Vương. Tòa dưới cùng thờ Thái tử Nguyễn Công Rước và công chúa Quế Hoa."
Đình Lương Nham được xây dựng từ vật liệu nào?,"Đình Lương Nham được xây bằng vữa tam hợp (mật, cát và vôi), lợp ngói đỏ. Đình có 3 gian, mỗi gian có diện tích là 18m2. Đình Lương Nham kết cấu hình chữ nhất quay theo hướng Nam, 4 xung quanh là vườn của Đình."
"Đình Lương Nham có những gian, tòa nào?","Đình Lương Nham có 3 gian, được xây bằng vữa tam hợp và lợp ngói đỏ. Đình có 3 tòa, tòa trên cùng thờ 3 vị Thánh vương, tòa giữa thờ tam vị đại vương, và tòa dưới cùng thờ Thái tử Nguyễn Công Rước và công chúa Quế Hoa. Ngoài ra, ở phía bên phải hậu cung thờ Đức Thánh Trần và bên dưới tòa thứ 3 là bát hương sơn thần."
Chi tiết về lễ hội Đình Lương Nham?,"Lễ hội Đình Lương Nham khá phong phú gắn với thần sắc thần tích của các vị Thành hoàng. Có các hoạt động như tế lễ, rước cờ, ca hát và các trò chơi. Ngày 11 tháng 12 âm lịch làm lễ thay mũ, áo, thay chiếu cho 5 vị đại vương."
Đình Lương Nham có ảnh hưởng như thế nào đến cộng đồng địa phương?,"Đình Lương Nham rất linh thiêng và luôn có khách thập phương đến chiêm bái. Đình Lương Nham trước kia đặt ở khu Đồng Ngật, làng Lương Nham, tổng Bách Lẫm, huyện Trấn Yên, tỉnh Yên Bái. Đình Lương Nham hiện còn 4 chữ Hán đại tự trên nóc Đình là: ""Chiêm giả khởi kính"", nghĩa là: Ngưỡng vọng đức lớn của Thần, dấy lên lòng kính."
Chùa Linh Quang tọa lạc tại vị trí nào?,"Chùa Linh Quang nằm trên đồi Tông Khao, xã Thanh Nưa, huyện Điện Biên, tỉnh Điện Biên. Chùa cách trung tâm thành phố Điện Biên khoảng 5km. Để đến chùa, bạn đi về phía bờ kênh Độc Lập, vừa ra khỏi thành phố, chạm tới Thanh Nưa, nhìn về phía núi non bên tay trái."
Chùa Linh Quang cách trung tâm thành phố Điện Biên bao xa?,"Chùa Linh Quang cách trung tâm thành phố Điện Biên chừng 5km. Chùa nằm trên đồi Tông Khao, xã Thanh Nưa, huyện Điện Biên, tỉnh Điện Biên. Vừa ra khỏi thành phố, chạm tới Thanh Nưa, nhìn về phía núi non bên tay trái là gặp ngay chùa."
Chùa Linh Quang có kiến trúc gì đặc biệt?,"Chùa Linh Quang nổi bật với sự giản dị và không gian xanh mát. Quanh khu vực tam bảo là con đường nhỏ dẫn lối chỉ rộng khoảng 1m, uốn lượn, mềm như dải lụa. Chùa không có nhiều cây quý hiếm mà chỉ có những loài cây dân dã, thân quen."
"Chùa Linh Quang có những gian, tòa nào?","Chùa Thiên Quang làm theo kiểu “nội công ngoại quốc” gồm các nhà: Tiền đường, thiêu hương, tam bảo, ở phía trước là dãy hành lang, nhà Tổ ở phía sau. Trước sân chùa có hai tháp sư hình trụ 4 tầng; một gác chuông được xây dựng vào thế kỷ XVII gồm ba gian, hai tầng mái. Trên gác chuông có treo quả chuông đúc vào thời Hậu Lê."
Chùa Linh Quang được xây dựng từ vật liệu nào?,"Chùa Linh Quang không nhiều các loài cây quý hiếm mà chỉ có những loài cây dân dã, thân quen của các vùng miền. Chùa Linh Quang cuốn hút bởi không gian thanh tịnh. Tới đây, người ta thấy được sự hài hòa với thiên nhiên, dưỡng tâm hướng sống thiền, sống đạo trong tương quan nhân giới và nhiên giới."
Những sự kiện lịch sử quan trọng đã diễn ra tại chùa Linh Quang?,"Trước Cách mạng Tháng Tám năm 1945, chùa Linh Quang là nơi cán bộ Việt Minh gặp gỡ, bàn chuyện đánh Pháp, đuổi Nhật. Ngày 16-8-1945, đồng chí Võ Nguyên Giáp đã chọn chùa Linh Quang làm ""đại bản doanh"" khi đưa quân chủ lực từ Tân Trào sang giải phóng thị xã Thái Nguyên."
Chùa Linh Quang có ảnh hưởng như thế nào đến cộng đồng địa phương?,"Chùa Linh Quang góp phần tạo nên một trung tâm văn hóa phục vụ nhu cầu tín ngưỡng của người dân tỉnh Điện Biên. Ngôi chùa cuốn hút bởi không gian thanh tịnh, hài hòa với thiên nhiên, giúp mọi người tìm thấy sự an yên trong tâm hồn. Bất cứ ai mong muốn tìm chữ an yên trong tâm hồn, gột rửa những muộn phiền của cuộc sống thường nhật đều có thể tìm về đây."
Đền thờ Hoàng Công Chất tọa lạc tại vị trí nào?,"Đền thờ Hoàng Công Chất nằm trong thành lũy Thành Bản Phủ, cách thành phố Điện Biên khoảng 15 km, thuộc xã Noong Hẹt, huyện Điện Biên. Thành Bản Phủ do Hoàng Công Chất xây dựng là thủ phủ cho nghĩa quân vào thế kỷ 17, dựa trên nền cũ của Thành Sam Mứn xây từ thế kỷ thứ 10. Ngôi đền linh thiêng này sở hữu kiến trúc đẹp, qua bao năm càng toát lên dáng vẻ cổ kính, thanh tịnh."
Đền thờ Hoàng Công Chất thờ ai?,"Đền thờ Hoàng Công Chất được xây dựng để thờ ông Hoàng Công Chất và các vị tướng lĩnh. Ông vốn là một nông dân nghèo ở Thái Bình nhưng có lòng yêu nước sâu sắc. Ông đã dựng cờ khởi nghĩa chống chúa Trịnh, mong muốn cứu dân và xây dựng cuộc sống tốt đẹp cho người dân."
Đền thờ Hoàng Công Chất được xây dựng từ vật liệu nào?,"Tôi xin lỗi, thông tin này không có trong văn bản. Văn bản chỉ cung cấp thông tin về lịch sử và ý nghĩa của đền thờ Hoàng Công Chất."
"Đền thờ Hoàng Công Chất có những gian, tòa nào?","Đền thờ Hoàng Công Chất được chia thành 2 gian khi mới xây dựng và sau này được xây dựng thành 5 gian. Gian tiền đường có hai bức tượng hộ pháp cao lớn uy nghi, bố trí hai bên tả hữu. Dọc hai bên hành lang gian trung đường có đặt hệ thống tượng thập bát La Hán, bên trong là bệ tượng nghìn tay, nghìn mắt."
Chi tiết về các lần tu sửa của Đền thờ Hoàng Công Chất?,"Năm 2004, UBND huyện Điện Biên đã kết hợp cùng các cơ quan, ban ngành tiến hành trùng tu tôn tạo cả đền thờ Hoàng Công Chất và Thành Bản Phủ nhưng vẫn giữ trọn vẹn vẻ đẹp nguyên sơ. Ngoài ra còn xây dựng thêm cổng thành, ao sen, bờ kè, kỳ đài, vọng gác,… để tạo nên quần thể du lịch tâm linh chỉn chu, bề thế. Khi mới xây dựng, đền thờ Hoàng Công Chất lợp cỏ tranh, chia thành 2 gian."
Chi tiết về lễ hội Đền thờ Hoàng Công Chất?,"Hàng năm, tại đền thờ Hoàng Công Chất diễn ra ngày hội cúng tế tổ chức rất long trọng. Lễ hội này thể hiện lòng biết ơn của thế hệ sau dành cho vị tướng lĩnh tài giỏi, yêu nước."
Những sự kiện lịch sử quan trọng nào đã diễn ra tại Đền thờ Hoàng Công Chất?,"Đền thờ Hoàng Công Chất là một chứng tích lịch sử về quá trình đấu tranh chống giặc ngoại xâm của dân ta nơi biên cương tổ quốc. Hoàng Công Chất đã dựng cờ khởi nghĩa chống chúa Trịnh, mong muốn cứu dân và xây dựng cuộc sống tốt đẹp cho người dân. Ông còn có công lao trong chiến tranh giải phóng Mường Thanh – Điện Biên khỏi giặc Phẻ."
Đền thờ Hoàng Công Chất có ảnh hưởng như thế nào đến cộng đồng địa phương?,"Đền thờ Hoàng Công Chất là một chứng tích lịch sử về quá trình đấu tranh chống giặc ngoại xâm của dân ta nơi biên cương tổ quốc. Nơi này đã trở thành một điểm đến quan trọng của Điện Biên, thu hút nhiều du khách. Năm 2004, UBND huyện Điện Biên đã kết hợp cùng các cơ quan, ban ngành tiến hành trùng tu tôn tạo cả đền thờ Hoàng Công Chất và Thành Bản Phủ."
